{"cameraMode":{"drawMode":0,"name":"Shaded","section":"Shading Mode"},"sceneLighting":false,"audioPlay":false,"sceneViewState":{"m_AlwaysRefresh":false,"showFog":false,"showSkybox":false,"showFlares":false,"showImageEffects":false,"showParticleSystems":false,"showVisualEffectGraphs":true,"m_FxEnabled":false},"in2DMode":false,"pivot":{"x":0.2679711580276489,"y":2.2545299530029299,"z":0.9920697212219238},"rotation":{"x":-0.41040825843811037,"y":0.038825612515211108,"z":-0.017493242397904397,"w":-0.9109083414077759},"size":0.12247449159622193,"orthographic":false}