{"cameraMode":{"drawMode":0,"name":"Shaded","section":"Shading Mode"},"sceneLighting":true,"audioPlay":false,"sceneViewState":{"m_AlwaysRefresh":false,"showFog":false,"showSkybox":true,"showFlares":false,"showImageEffects":false,"showParticleSystems":false,"showVisualEffectGraphs":true,"m_FxEnabled":false},"in2DMode":false,"pivot":{"x":-0.2750169038772583,"y":-0.2110079526901245,"z":0.003871515393257141},"rotation":{"x":-0.18867771327495576,"y":0.7120367288589478,"z":-0.2088490128517151,"w":-0.6432650089263916},"size":2.0420544147491457,"orthographic":false}